year;jounral;title;url
2023;The Journal of Chemical Physics 158 (13);Water-assisted electron capture exceeds photorecombination in biological conditions;https://aip.scitation.org/doi/full/10.1063/5.0138975
2022;Physical Review A 106 (6), 062811;Effects of environment on the electron-impact ionization dynamics of argon clusters;https://link.aps.org/pdf/10.1103/PhysRevA.106.062811
2022;Plasma Sources Science and Technology 31 (9), 095020;The 2021 release of the Quantemol database (QDB) of plasma chemistries and reactions;https://iopscience.iop.org/article/10.1088/1361-6595/ac907e
2022;The European Physical Journal D 76 (5);Electron-impact excitation of the 5$$\varvec {^ 2\textbf {S} _ {1/2}\rightarrow 5^ 2\textbf {P} _ {1/2}} $$ and 5$$\varvec {^ 2\textbf {P} _ {3/2}} $$ transitions in rubidium …;
2022;The European Physical Journal D 76 (5), 92;Electron-impact excitation of the 5 and 5 transitions in rubidium by 40 eV electrons: theory and experiment;https://link.springer.com/article/10.1140/epjd/s10053-022-00413-7
2022;Journal of Physics B: Atomic, Molecular and Optical Physics 55 (5), 055002;An experimental and theoretical study of the Kr 3d correlation satellites;https://iopscience.iop.org/article/10.1088/1361-6455/ac521a
2022;The Astrophysical Journal Supplement Series 259 (2), 52;Effective Collision Strengths and Radiative Parameters for Lines in the Sc ii Spectrum;https://iopscience.iop.org/article/10.3847/1538-4365/ac502e/pdf
2022;APS Division of Atomic, Molecular and Optical Physics Meeting Abstracts 2022 …;Electron-impact excitation of Sc II;
2021;Atoms 9 (4), 114;Mechanisms of 1s Double-Core-Hole Excitation and Decay in Neon;https://www.mdpi.com/2218-2004/9/4/114
2021;Physical Review A 104 (6), 062805;Benchmark angle-differential cross-section ratios for the electron-impact excitation of the xenon 5 p 6 1 S 0→ 5 p 5 6 s [3/2] 2, 5 p 5 6 s [3/2] 1, 5 p 5 6 s′[1/2] 0, and 5 …;https://link.aps.org/accepted/10.1103/PhysRevA.104.062805
2021;Atoms 9 (4), 103;Electron scattering cross-section calculations for atomic and molecular iodine;https://www.mdpi.com/2218-2004/9/4/103
2021;Plasma Sources Science and Technology 30 (11), 115019;Transport of electrons and propagation of the negative ionisation fronts in indium vapour;
2021;Atoms 9 (4), 94;Relativistic B-Spline R-Matrix Calculations for Electron Scattering from Thallium Atoms;https://www.mdpi.com/2218-2004/9/4/94
2021;Atoms 9 (4), 83;Benchmark Photoionization Cross-Sections of Neutral Scandium from the Ground and Excited States;https://www.mdpi.com/2218-2004/9/4/83
2021;Abhijit Dasgupta, J P. Apruzes, O Zatsarinny, K Bartschat, Charlotte F. Fischer;Improved Transition Oscillator Probabilities for Laser Transitions in Xe I;
2021;Atoms 9 (3), 61;Benchmark Angle-Differential Cross-Section Ratios for Excitation of the 4p5s Configuration in Krypton;https://www.mdpi.com/2218-2004/9/3/61
2021;Atoms 9 (3), 47;Relativistic B-Spline R-Matrix Calculations for Electron Collisions with Ytterbium;https://www.mdpi.com/2218-2004/9/3/47
2021;Physical Review A 103 (5), 053102;Anticorrelation in nonsequential double ionization of helium;https://link.aps.org/accepted/10.1103/PhysRevA.103.053102
2021;Journal of Physical and Chemical Reference Data 50 (1);Recommended Cross Sections for Electron–Indium Scattering;https://par.nsf.gov/servlets/purl/10282749
2021;Physical Review A 103 (2), 022832;Near-threshold two-photon double ionization of Kr in the vacuum ultraviolet;https://www.academia.edu/download/82101251/PhysRevA.103.022832.pdf
2021;s Note: MDPI stays neutral with regard to jurisdictional claims in published …;Benchmark PhotoIonization Cross-Sections of Neutral Scandium from the Ground and Excited States. Atoms 2021, 9, 83;https://www.academia.edu/download/74046413/pdf.pdf
2021;s Note: MDPI stays neutral with regard to jurisdictional claims in published …;Relativistic B-Spline R-Matrix Calculations for Electron Collisions with Ytterbium. Atoms 2021, 9, 47;
2021;APS Annual Gaseous Electronics Meeting Abstracts, GT61. 063;Electron impact excitation collision strengths and radiative parameters for Sc II spectral lines;
2021;APS Annual Gaseous Electronics Meeting Abstracts, PR23. 001;A Science Gateway for Atomic and Molecular Physics: Democratizing Atomic and Molecular Physics Research and Education;
2021;APS Annual Gaseous Electronics Meeting Abstracts, PR23. 002;B-Spline Atomic R-Matrix Calculations on the AMPGateway;
2020;Physical Review X 10 (4), 041056;Mapping resonance structures in transient core-ionized atoms;https://link.aps.org/pdf/10.1103/PhysRevX.10.041056
2020;The Astrophysical Journal 905 (2), 101;Transition probabilities and collision strengths for fine-structure levels excitation of Ti II;https://iopscience.iop.org/article/10.3847/1538-4357/abc2cf/pdf
2020;Monthly Notices of the Royal Astronomical Society 499 (3), 3706-3719;Chemical diversity among A–B stars with low rotational velocities: non-LTE abundance analysis;https://arxiv.org/pdf/2010.02058
2020;APS Annual Gaseous Electronics Meeting Abstracts, LT1. 009;Benchmark calculations for electron collisions with neutral indium atoms.;https://amosgateway.org/documents/365/KRH_GEC_poster.pdf
2020;Atoms 8 (3), 51;Partial Photoionization Cross Sections of Chromium from the Ground and Excited States;https://www.mdpi.com/2218-2004/8/3/51
2020;Physical Review A 102 (2), 022801;Electron-impact excitation of the () ) transition in indium: Theory and experiment;https://ro.uow.edu.au/cgi/viewcontent.cgi?article=5359&context=eispapers1
2020;Practice and Experience in Advanced Research Computing, 270-277;Atomic and molecular scattering applications in an Apache Airavata Science Gateway;https://dl.acm.org/doi/pdf/10.1145/3311790.3397342
2020;Optics Express 28 (15), 22231-22246;Nonsequential double ionization of Ar in near-single-cycle laser pulses;https://opg.optica.org/viewmedia.cfm?uri=oe-28-15-22231&seq=0&html=true
2020;American Astronomical Society Meeting Abstracts# 236 236, 145.08;Radiative Transition Probabilities and Photoionization Cross Sections for Cr I;
2020;Optics Express 28 (5), 6490-6504;Intensity dependence in nonsequential double ionization of helium;https://opg.optica.org/viewmedia.cfm?uri=oe-28-5-6490&seq=0&html=true
2020;arXiv preprint arXiv:2001.02286;A Science Gateway for Atomic and Molecular Physics;https://arxiv.org/pdf/2001.02286
2020;Journal of Physics: Conference Series 1412 (10), 102005;Benchmark calculations for photoionization of neutral iron;https://iopscience.iop.org/article/10.1088/1742-6596/1412/10/102005/pdf
2020;APS Division of Atomic, Molecular and Optical Physics Meeting Abstracts 2020 …;A combined B-spline R-matrix approach for the study of time-dependent multielectron dynamics in complex atoms.;
2019;The Astrophysical Journal 888 (1), 10;Collision and Radiative Parameters for Cr ii Lines Observed in Stellar and Nebular Spectra;https://iopscience.iop.org/article/10.3847/1538-4357/ab557b/pdf
2019;Journal of Physics B: Atomic, Molecular and Optical Physics 53 (1), 015204;Cross sections for electron scattering from atomic lead;https://par.nsf.gov/servlets/purl/10127673
2019;Plasma Sources Science and Technology 28 (10), 105005;A xenon collisional-radiative model applicable to electric propulsion devices: II. Kinetics of the 6s, 6p, and 5d states of atoms and ions in Hall thrusters;https://iopscience.iop.org/article/10.1088/1361-6595/ab30b7/ampdf
2019;Plasma Sources Science and Technology 28 (10), 105004;A xenon collisional-radiative model applicable to electric propulsion devices: I. Calculations of electron-impact cross sections for xenon ions by the Dirac B-spline R-matrix …;https://iopscience.iop.org/article/10.1088/1361-6595/ab3125/ampdf
2019;Physical Review A 100 (2), 023405;Revisiting the recollisional excitation-tunneling process in strong-field nonsequential double ionization of helium;https://link.aps.org/accepted/10.1103/PhysRevA.100.023405
2019;Physical Review A 100 (1), 012702;Effect of cascade transitions on the polarization of light emitted after electron-impact excitation of Zn by spin-polarized electrons;https://link.aps.org/accepted/10.1103/PhysRevA.100.012702
2019;VizieR Online Data Catalog, J/A+ A/627/A177;VizieR Online Data Catalog: Non-LTE analysis of KI in late-type stars (Reggiani+, 2019);
2019;Astronomy & Astrophysics 627, A177;Non-LTE analysis of KI in late-type stars;https://www.aanda.org/articles/aa/abs/2019/07/aa35156-19/aa35156-19.html
2019;APS Division of Atomic, Molecular and Optical Physics Meeting Abstracts 2019 …;Benchmark calculations for photoionization of neutral iron from the ground and excited states;https://par.nsf.gov/servlets/purl/10087587
2019;The Astrophysical Journal Supplement Series 242 (1), 9;Collision and radiative rates for infrared to extreme ultraviolet lines of S III;https://iopscience.iop.org/article/10.3847/1538-4365/ab17e1/pdf
2019;APS Division of Atomic, Molecular and Optical Physics Meeting Abstracts 2019 …;Effect of cascade transitions after electron-impact excitation of Zn by spin-polarized electrons.;
2019;Atomic data and nuclear data tables 127, 1-21;Recommended electron-impact excitation and ionization cross sections for Be I;https://www.sciencedirect.com/science/article/am/pii/S0092640X18300652
2019;Physical Review A 99 (4), 043408;Pulse-duration dependence of the double-to-single ionization ratio of Ne by intense 780-nm and 800-nm laser fields: Comparison of simulations with experiments;https://link.aps.org/accepted/10.1103/PhysRevA.99.043408
2019;Astronomy & Astrophysics 623, A103;Ca line formation in late-type stellar atmospheres-I. The model atom;https://www.aanda.org/articles/aa/abs/2019/03/aa34680-18/aa34680-18.html
2019;Physical Review A 99 (2), 023430;Photoionization of neutral iron from the ground and excited states;https://link.aps.org/accepted/10.1103/PhysRevA.99.023430
2019;Physical Review A 99 (1), 012706;Electron-impact excitation and ionization of atomic calcium at intermediate energies;https://link.aps.org/accepted/10.1103/PhysRevA.99.012706
2019;APS Annual Gaseous Electronics Meeting Abstracts, FT1. 034;Using a collisional-radiative model to validate e-Xe+ cross sections calculated by the Dirac B-spline R-matrix approach;
2019;APS Annual Gaseous Electronics Meeting Abstracts, MW1. 020;A comprehensive collisional-radiative model for Xe+ and Xe excited species;
2019;APS April Meeting Abstracts 2019, S01. 007;Simulation of Fe II Emission Spectra in Active Galactic Nuclei;
2018;The Astrophysical Journal 867 (1), 63;Electron Scattering from Neutral Fe and Low-energy Photodetachment of Fe−;https://iopscience.iop.org/article/10.3847/1538-4357/aaddfa/pdf
2018;Physical Review D 98 (4), 042005;Dark Energy Survey year 1 results: Galaxy-galaxy lensing;https://link.aps.org/accepted/10.1103/PhysRevD.98.042005
2018;Astronomy & Astrophysics 616, A89;Inelastic O+ H collisions and the O i 777 nm solar centre-to-limb variation;https://www.aanda.org/articles/aa/pdf/2018/08/aa32770-18.pdf
2018;Physical Review A 98 (1), 012706;Electron-impact excitation of forbidden and allowed transitions in Fe ii;https://link.aps.org/accepted/10.1103/PhysRevA.98.012706
2018;VizieR Online Data Catalog, J/ApJ/850/147;VizieR Online Data Catalog: Effective collision strengths for OIII transitions (Tayal+, 2017);
2018;Bulletin of the American Physical Society 63;Electron Impact Excitation Cross Sections for S;
2018;Physical Review A 97 (5), 052710;Out-of-plane () measurements and calculations on He autoionizing levels as a function of incident-electron energy;https://link.aps.org/accepted/10.1103/PhysRevA.97.052710
2018;APS Division of Atomic, Molecular and Optical Physics Meeting Abstracts 2018 …;B-spline R-matrix with pseudo-states calculations for electron-impact excitation and ionization of calcium;
2018;APS Division of Atomic, Molecular and Optical Physics Meeting Abstracts 2018 …;Electron-impact excitation cross sections for Fe I;
2018;APS Division of Atomic, Molecular and Optical Physics Meeting Abstracts 2018 …;Cross Sections and Spin Asymmetries for Electron Collisions with Lead;
2018;APS Division of Atomic, Molecular and Optical Physics Meeting Abstracts 2018 …;Electron-impact excitation of Fe II;
2018;APS Division of Atomic, Molecular and Optical Physics Meeting Abstracts 2018 …;Comprehensive out-of-plane (e, 2 e) measurements and calculations on He autoionizing levels;
2018;Physical Review A 97 (1), 013425;Ratios of double to single ionization of He and Ne by strong 400-nm laser pulses using the quantitative rescattering theory;https://link.aps.org/accepted/10.1103/PhysRevA.97.013425
2018;Journal of Physics B: Atomic, Molecular and Optical Physics 51 (3), 035004;Low-energy outer-shell photo-detachment of the negative ion of aluminum;
2018;APS Annual Gaseous Electronics Meeting Abstracts, PR1. 002;Light polarization after electron impact excitation of Zinc.;
2018;APS Annual Gaseous Electronics Meeting Abstracts, PR1. 007;Dirac B-spline R-Matrix Calculations for e-Xe+ collisions.;
2018;APS Annual Gaseous Electronics Meeting Abstracts, PR1. 003;Cross Sections and Spin Asymmetries for Electron Collisions with Lead Atoms;
2017;The Astrophysical Journal 850 (2), 147;Transition and Electron Impact Excitation Collision Rates for O III;https://iopscience.iop.org/article/10.3847/1538-4357/aa9613/pdf
2017;Bulletin of the American Physical Society 62;Electron Impact Excitation of Xenon;
2017;Bulletin of the American Physical Society 62;Transition rates and electron impact excitation rates for O III;
2017;Astronomy & Astrophysics 606, A11;Inelastic e+ Mg collision data and its impact on modelling stellar and supernova spectra;https://www.aanda.org/articles/aa/pdf/2017/10/aa30864-17.pdf
2017;Journal of Physics: Conference Series 875 (6), 052003;Benchmark calculations for electron-impact excitation of Mg4+;https://iopscience.iop.org/article/10.1088/1742-6596/875/6/052003/pdf
2017;Journal of Physics: Conference Series 875 (6), 052002;Electron impact excitation of O III;
2017;Journal of Physics: Conference Series 875 (3), 022002;Photoionization of neutral iron from ground and metastable states;https://iopscience.iop.org/article/10.1088/1742-6596/875/3/022002/pdf
2017;Journal of Physics: Conference Series 875 (3), 022003;Low-energy outer-shell photodetachment of the negative ion of aluminum;https://iopscience.iop.org/article/10.1088/1742-6596/875/3/022003/pdf
2017;VizieR Online Data Catalog, J/ApJ/788/24;VizieR Online Data Catalog: Collision strengths for transitions in Fe VII (Tayal+, 2014);
2017;Journal of Physics: Conference Series 875 (6), 052004;B-spline R-matrix with pseudo-states calculations for electron-impact excitation and ionization of magnesium;https://iopscience.iop.org/article/10.1088/1742-6596/875/6/052004/pdf
2017;VizieR Online Data Catalog, J/A+ A/606/A11;VizieR Online Data Catalog: Inelastic e+ Mg collision data (Barklem+, 2017);
2017;Physical Review A 95 (4), 042709;Calculations for electron-impact excitation of;https://link.aps.org/accepted/10.1103/PhysRevA.95.042709
2017;APS Division of Atomic, Molecular and Optical Physics Meeting Abstracts 2017 …;Comprehensive out-of-plane (e, 2 e) measurements on He autoionizing levels;
2017;APS Division of Atomic, Molecular and Optical Physics Meeting Abstracts 2017 …;B-spline R-matrix calculations for electron-impact excitation of N3+;
2017;Journal of Physics B: Atomic, Molecular and Optical Physics 50 (6), 065203;Electron impact excitation of N3+ using the B-spline R-matrix method: Importance of the target structure description and the size of the close-coupling expansion;https://iopscience.iop.org/article/10.1088/1361-6455/aa5fc4/ampdf
2017;Plasma Processes and Polymers 14 (1-2), 1600093;Quantum‐mechanical calculations of cross sections for electron collisions with atoms and molecules;https://arxiv.org/pdf/1610.06224
2017;Plasma Processes and Polymers 14 (1-2), 1600098;Lxcat: An open‐access, web‐based platform for data needed for modeling low temperature plasmas;https://onlinelibrary.wiley.com/doi/pdfdirect/10.1002/ppap.201600098
2016;Journal of Physics B: Atomic, Molecular and Optical Physics 49 (23), 235701;Calculations for electron-impact excitation and ionization of beryllium;https://iopscience.iop.org/article/10.1088/0953-4075/49/23/235701/ampdf
2016;arXiv preprint arXiv:1611.04657;Electron impact excitation of N3+ using the B-spline R-matrix method: Limitations due to the target structure description and the size of the close-coupling expansion.;https://www.researchgate.net/profile/Oleg-Zatsarinny/publication/310329190_Electron_impact_excitation_of_N3_using_the_B-spline_R-matrix_method_Limitations_due_to_the_target_structure_description_and_the_size_of_the_close-coupling_expansion/links/5cf41b3ea6fdcc8475001346/Electron-impact-excitation-of-N3-using-the-B-spline-R-matrix-method-Limitations-due-to-the-target-structure-description-and-the-size-of-the-close-coupling-expansion.pdf
2016;Physical Review A 94 (4), 042707;B-spline R-matrix-with-pseudostates approach for excitation and ionization of atomic oxygen by electron collisions;https://link.aps.org/accepted/10.1103/PhysRevA.94.042707
2016;Physical Review A 94 (3), 033422;Continuous spectra of atomic hydrogen in a strong magnetic field;https://link.aps.org/accepted/10.1103/PhysRevA.94.033422
2016;APS Annual Gaseous Electronics Meeting Abstracts, UF1. 005;Benchmark calculations for electron-impact excitation and ionization of beryllium;
2016;Physical Review A 94 (2), 023402;Low-energy photodetachment of Ga− and elastic electron scattering from neutral Ga;https://link.aps.org/accepted/10.1103/PhysRevA.94.023402
2016;Physical Review A 93 (5), 052715;Electron-impact excitation and ionization of atomic boron at low and intermediate energies;https://link.aps.org/accepted/10.1103/PhysRevA.93.052715
2016;APS Division of Atomic, Molecular and Optical Physics Meeting Abstracts 2016 …;Electron Impact Excitation and Ionization of Atomic Oxygen;
2016;Computer Physics Communications 202, 287-303;DBSR_HF: a B-spline Dirac–Hartree–Fock program;https://www.sciencedirect.com/science/article/am/pii/S0010465516000047
2016;The European Physical Journal D 70, 1-7;Low-energy outer-shell photodetachment of the negative ion of boron;https://link.springer.com/content/pdf/10.1140/epjd/e2016-70017-9.pdf
2016;Journal of Physics B: Atomic, Molecular and Optical Physics 49 (7), 074003;The virtual atomic and molecular data centre (VAMDC) consortium;https://iopscience.iop.org/article/10.1088/0953-4075/49/7/074003/meta
2016;VizieR Online Data Catalog, J/ApJ/812/174;VizieR Online Data Catalog: Collision strengths in FeIX (Tayal+, 2015);
2016;Physical Review A 93 (1), 012712;Nonperturbative B-spline R-matrix-with-pseudostates calculations for electron-impact ionization-excitation of helium to the n= 3 states of He+;https://link.aps.org/accepted/10.1103/PhysRevA.93.012712
2015;Physical Review A 92 (6), 063427;Numerical simulation of the double-to-single ionization ratio for the helium atom in strong laser fields;https://link.aps.org/accepted/10.1103/PhysRevA.92.063427
2015;Physical Review A 92 (5), 052707;Propensity for distinguishing two free electrons with equal energies in electron-impact ionization of helium;https://link.aps.org/accepted/10.1103/PhysRevA.92.052707
2015;Physical Review A 92 (5), 052701;B-spline R-matrix-with-pseudostates calculations for electron collisions with aluminum;https://link.aps.org/accepted/10.1103/PhysRevA.92.052701
2015;The Astrophysical Journal 812 (2), 174;Thermally averaged collision strengths for extreme-ultraviolet line of Fe IX;https://iopscience.iop.org/article/10.1088/0004-637X/812/2/174/pdf
2015;APS Annual Gaseous Electronics Meeting Abstracts, OR4. 004;Non-perturbative B-spline R-matrix with pseudo-states calculations for electron-impact excitation-ionization of helium to the n = 3 states of He+;
2015;APS Annual Gaseous Electronics Meeting Abstracts, PR4. 003;Coherence parameter measurements for neon and hydrogen;
2015;APS Annual Gaseous Electronics Meeting Abstracts, HT1. 002;Benchmark calculations for electron collisions with complex atoms: accuracy, convergence and completeness;
2015;APS Annual Gaseous Electronics Meeting Abstracts, LW1. 009;Emission and Ionization Cross Sections for Atomic Oxygen;
2015;Journal of Physics: Conference Series 635 (9), 092027;Breit-Pauli electron-impact excitation collision strengths for transitions in O III;
2015;Journal of Physics: Conference Series 635 (9), 092018;Non-perturbative B-spline R-matrix with pseudo-states calculations for electron-impact excitation-ionization of helium to the n= 3 states;https://iopscience.iop.org/article/10.1088/1742-6596/635/9/092018/pdf
2015;Journal of Physics B: Atomic, Molecular and Optical Physics 48 (18), 185201;Polarization correlations for electron-impact excitation of neon at 50 eV;https://iopscience.iop.org/article/10.1088/0953-4075/48/18/185201/ampdf
2015;PHYSICAL REVIEW A 92 (1);Low-energy electron-impact ionization of argon: Three-dimensional cross section (vol 85, 032702, 2012);
2015;Physical Review A 92 (1), 019901;Erratum: Low-energy electron-impact ionization of argon: Three-dimensional cross section [Phys. Rev. A 85, 032702 (2012)];
2015;Journal of Physics: Conference Series 635 (5), 052023;B-spline R-matrix-with-pseudostates calculations for electron-impact excitation and ionization of oxygen;https://iopscience.iop.org/article/10.1088/1742-6596/635/5/052023/pdf
2015;Journal of Physics: Conference Series 635 (5), 052012;Electron scattering from aluminum: B-spline R-matrix calculations;https://iopscience.iop.org/article/10.1088/1742-6596/635/5/052012/pdf
2015;Journal of Physics: Conference Series 635 (5), 052024;Electron-impact excitation of Fe IX;
2015;APS Division of Atomic, Molecular and Optical Physics Meeting Abstracts 2015 …;Electron Impact Exciation of Fe IX;
2015;Astronomy & Astrophysics 577, A113;Effective collision strengths between Mg I and electrons;https://www.aanda.org/articles/aa/pdf/2015/05/aa25914-15.pdf
2015;APS Division of Atomic, Molecular and Optical Physics Meeting Abstracts 2015 …;Simultaneous ionization-excitation of helium to the 3s, 3p, and 3d states of He+;
2015;Physica Scripta 90 (5), 054006;Close-coupling calculations for electron–atom collisions: benchmark studies and uncertainty estimates;https://www.researchgate.net/profile/Oleg-Zatsarinny/publication/276471597_Close-coupling_calculations_for_electron-atom_collisions_Benchmark_studies_and_uncertainty_estimates/links/555e16ca08ae6f4dcc8dd0eb/Close-coupling-calculations-for-electron-atom-collisions-Benchmark-studies-and-uncertainty-estimates.pdf
2015;Phys. Rev. A 79, 052709;Effective collision strengths between MgI and electrons (Research Note);https://www.researchgate.net/profile/Oleg-Zatsarinny/publication/274403460_Effective_collision_strengths_between_Mg_I_and_electrons/links/555e0e7908ae86c06b5f32eb/Effective-collision-strengths-between-Mg-I-and-electrons.pdf
2015;Physical Review A 91 (3), 032707;Kinematically complete study of low-energy electron-impact ionization of neon: Internormalized cross sections in three-dimensional kinematics;https://link.aps.org/accepted/10.1103/PhysRevA.91.032707
2015;;Impact of new atomic data for NLTE studies of neutral magnesium in cool stars;
2015;Physical Review A 91 (1), 013413;Photoionization of Fe 7+ from the ground and metastable states;https://link.aps.org/accepted/10.1103/PhysRevA.91.013413
2015;Journal of Physics: Conference Series 635, 052021;Low-energy (E₀= 65 eV) Electron-Impact Ionization of Neon: Low-energy (E= 65 eV) Electron-Impact Ionization of Neon: Internormalized Triple-Differentical Cross Sections in 3D …;https://core.ac.uk/download/pdf/229149123.pdf
2015;;Impact of new atomic data for NLTE studies of neutral magnesium in cool stars: I. Test cases with a simple Mg I model atom;
2015;Institute of Physics-IOP Publishing 635 (5);Low-energy (E₀= 65 eV) Electron-Impact Ionization of Neon: Internormalized Triple-Differentical Cross Sections in 3D Kinematics;https://iopscience.iop.org/article/10.1088/1742-6596/635/5/052021/pdf
2014;EPJ Techniques and Instrumentation 1, 1-13;Novel method for state selective determination of electron-impact-excitation cross sections from 0 to 180;https://link.springer.com/content/pdf/10.1140/epjti/s40485-014-0006-2.pdf
2014;APS Annual Gaseous Electronics Meeting Abstracts, FT3. 008;Plasma Formation During Operation of a Diode Pumped Alkali Laser (DPAL) in Cs;
2014;APS Annual Gaseous Electronics Meeting Abstracts, MW1. 004;Comparison of analytical formulae and quantum calculations for differential cross sections in e-Ar;
2014;APS Annual Gaseous Electronics Meeting Abstracts, QR3. 004;B-spline R-matrix with pseudostates calculations for electron collisions with atomic nitrogen;
2014;AAS/High Energy Astrophysics Division# 14 14, 115.01;Electron Impact Excitation Collision Strengths for Extreme Ultraviolet Lines of Fe VII and Fe IX;
2014;Physical Review A 90 (1), 012704;Theoretical and experimental investigation of (e, 2 e) ionization of argon 3 p in asymmetric kinematics at intermediate energy;https://scholarsmine.mst.edu/cgi/viewcontent.cgi?article=1504&context=phys_facwork
2014;Physical Review A 89 (6), 062714;B-spline R-matrix-with-pseudostates calculations for electron-impact excitation and ionization of nitrogen;https://www.researchgate.net/profile/Oleg-Zatsarinny/publication/283047069_B-spline_R-matrix-with-pseudostates_calculations_for_electron-impact_excitation_and_ionization_of_nitrogen/links/56328e4708ae911fcd49121b/B-spline-R-matrix-with-pseudostates-calculations-for-electron-impact-excitation-and-ionization-of-nitrogen.pdf
2014;American Astronomical Society Meeting Abstracts# 224 224, 119.01;Transition Probabilities and Electron Impact Excitation Collision Strengths for Fe VII;
2014;The Astrophysical Journal 788 (1), 24;Electron impact excitation collision strengths for extreme ultraviolet lines of Fe VII;https://iopscience.iop.org/article/10.1088/0004-637X/788/1/24
2014;Physical Review A 89 (5), 052713;B-spline R-matrix-with-pseudostates calculations for electron-impact excitation and ionization of fluorine;
2014;Plasma Sources Science and Technology 23 (3), 035011;Electron collisions with cesium atoms—benchmark calculations and application to modeling an excimer-pumped alkali laser;https://citeseerx.ist.psu.edu/document?repid=rep1&type=pdf&doi=6630d49c07539c3041b6a5b95b69a85816051ba1
2014;APS Division of Atomic, Molecular and Optical Physics Meeting Abstracts, K1. 043;Electron Impact Excitation Collision Strengths for Fine-Structure Transitions in of Fe IX;
2014;Journal of Physics: Conference Series 488 (1), 012044;Benchmark calculations for electron collisions with complex atoms;https://iopscience.iop.org/article/10.1088/1742-6596/488/1/012044/pdf
2014;Journal of Physics: Conference Series 488 (4), 042012;Experimental and theoretical investigation of (e, 2e) ionization of Ar (3p) in asymmetric kinematics at intermediate energies;https://iopscience.iop.org/article/10.1088/1742-6596/488/4/042012/pdf
2014;Journal of Physics: Conference Series 488 (4), 042009;Large-scale B-spline R-matrix with pseudostates calculations for electron scattering from argon;https://iopscience.iop.org/article/10.1088/1742-6596/488/4/042009/pdf
2014;Physical Review A 89 (3), 033417;Time delays for attosecond streaking in photoionization of neon;https://arxiv.org/pdf/1401.2878
2014;Journal of Physics B: Atomic, Molecular and Optical Physics 47 (6), 061001;Benchmark calculation of total cross sections for ionization–excitation of helium;
2014;High Energy/Average Power Lasers and Intense Beam Applications VII 8962, 51-59;Mechanisms for plasma formation during high power pumping of XPAL;https://www.researchgate.net/profile/Oleg-Zatsarinny/publication/263005602_Mechanisms_for_Plasma_Formation_During_High_Power_Pumping_of_XPAL/links/54f24b4c0cf2b36214b0dd98/Mechanisms-for-Plasma-Formation-During-High-Power-Pumping-of-XPAL.pdf
2014;Physical Review A 89 (2), 022706;Electron-impact excitation of argon at intermediate energies;https://www.academia.edu/download/44886124/Large-scale_B-spline_R-matrix_with_pseud20160419-7077-fp7v5q.pdf
2014;;Excitation dynamics of autoionizing states in rubidium atom and molecule Rb2 in electron-atom collisions;
2013;Iop Publıshıng Ltd;A comprehensıve x-ray absorptıon model for atomıc oxygen;
2013;;A Comprehensive X-Ray Absorption Model for Atomic Oxygen;
2013;Journal of Physics B: Atomic, Molecular and Optical Physics 46 (24), 245203;Differential cross sections for low-energy elastic electron scattering from the CF3 radical;https://www.researchgate.net/profile/Oleg-Zatsarinny/publication/260939889_Differential_cross_sections_for_low-energy_elastic_electron_scattering_from_the_CF3_radical/links/56ea23bc08ae25ede8310231/Differential-cross-sections-for-low-energy-elastic-electron-scattering-from-the-CF3-radical.pdf
2013;The Astrophysical Journal 779 (1), 78;A comprehensive X-ray absorption model for atomic oxygen;https://iopscience.iop.org/article/10.1088/0004-637X/779/1/78/pdf
2013;Energy [eV] 3, 3p;Impact of new atomic data for the formation of the Mg I 4571 Å line in benchmark stars;https://www.researchgate.net/profile/T-Merle/publication/260940271_Impact_of_new_atomic_data_for_the_formation_of_the_Mg_I_4571_A_line_in_benchmark_stars/links/0a85e5331dd6ed3b2f000000/Impact-of-new-atomic-data-for-the-formation-of-the-Mg-I-4571-A-line-in-benchmark-stars.pdf
2013;Journal of Physics B: Atomic, Molecular and Optical Physics 46 (21), 215201;Excitation-autoionization cross section of alkali atoms by electron impact;https://iopscience.iop.org/article/10.1088/1742-6596/488/4/042003/pdf
2013;APS Annual Gaseous Electronics Meeting Abstracts, HW1. 006;Evaluation of theoretical cross sections for electron scattering from noble gases for plasma modeling;
2013;APS Annual Gaseous Electronics Meeting Abstracts, PR5. 001;Large-scale B-spline R-matrix calculations of electron impact excitation and ionization processes in complex atoms;
2013;APS Annual Gaseous Electronics Meeting Abstracts, HW1. 022;Electron Collisions with Argon at Low and Intermediate Energies;
2013;Journal of Physics D: Applied Physics 46 (33), 334001;Comparisons of sets of electron–neutral scattering cross sections and swarm parameters in noble gases: I. Argon;https://www.researchgate.net/profile/Oleg-Zatsarinny/publication/256848700_Comparisons_of_sets_of_electron-neutral_scattering_cross_sections_and_swarm_parameters_in_noble_gases_I_Argon/links/0c960528f10dfe4a76000000/Comparisons-of-sets-of-electron-neutral-scattering-cross-sections-and-swarm-parameters-in-noble-gases-I-Argon.pdf
2013;Journal of Physics D: Applied Physics 46 (33), 334003;Comparisons of sets of electron–neutral scattering cross sections and swarm parameters in noble gases: III. Krypton and xenon;https://www.researchgate.net/profile/Oleg-Zatsarinny/publication/258261280_Comparisons_of_sets_of_electron-neutral_scattering_cross_sections_and_swarm_parameters_in_noble_gases_III_Krypton_and_xenon/links/0c960528f10df8ec29000000/Comparisons-of-sets-of-electron-neutral-scattering-cross-sections-and-swarm-parameters-in-noble-gases-III-Krypton-and-xenon.pdf
2013;Journal of Physics D: Applied Physics 46 (33), 334002;Comparisons of sets of electron–neutral scattering cross sections and swarm parameters in noble gases: II. Helium and neon;https://www.researchgate.net/profile/Oleg-Zatsarinny/publication/256848797_Comparisons_of_sets_of_electron-neutral_scattering_cross_sections_and_swarm_parameters_in_noble_gases_II_Helium_and_Neon/links/0c960528f10dfb677e000000/Comparisons-of-sets-of-electron-neutral-scattering-cross-sections-and-swarm-parameters-in-noble-gases-II-Helium-and-Neon.pdf
2013;Journal of Physics B: Atomic, Molecular and Optical Physics 46 (11), 112001;The B-spline R-matrix method for atomic processes: application to atomic structure, electron collisions and photoionization;https://www.academia.edu/download/44886184/The_B-spline_R-matrix_method_for_atomic_20160419-17072-1dddyjg.pdf
2013;Journal of Physics B: Atomic, Molecular and Optical Physics 46 (11), 115204;Experimental and theoretical investigation of (e, 2e) ionization of Ar (3p) in asymmetric kinematics at 200 eV;https://www.researchgate.net/profile/Melike-Ulu/publication/258289976_Experimental_and_theoretical_investigation_of_e_2e_ionization_of_Ar3p_in_asymmetric_kinematics_at_200_eV/links/00b49530719da7ce87000000/Experimental-and-theoretical-investigation-of-e-2e-ionization-of-Ar3p-in-asymmetric-kinematics-at-200-eV.pdf
2013;APS Division of Atomic, Molecular and Optical Physics Meeting Abstracts 2013 …;B-Spline R-Matrix with Pseudo-States Treatment of Electron Collisions with Argon;
2013;Chemical Physics Letters 568, 55-58;Anomalously large low-energy elastic cross sections for electron scattering from the CF3 radical;https://digital.csic.es/bitstream/10261/88735/4/JRBrunton.pdf
2013;APS Division of Atomic, Molecular and Optical Physics Meeting Abstracts 2013 …;Electron Impact Excitation Collision Strengths for EUV Lines of Fe VII;
;;;https://arxiv.org/pdf/2001.02286
2013;Physical Review Letters 110 (15), 153202;Electron-impact ionization of neon at low projectile energy: an internormalized experiment and theory for a complex target;https://link.aps.org/accepted/10.1103/PhysRevLett.110.153202
2013;Physical Review A 87 (2), 022711;Polarization correlations for electron-impact excitation of the resonant transitions of Ne and Ar at low incident energies;https://link.aps.org/accepted/10.1103/PhysRevA.87.022711
2013;Physical Review A 87 (2), 022703;Fine-structure-resolved electron collisions from chlorine atoms in the (3 p 5) 2 P 3/2 o and (3 p 5) 2 P 1/2 o states;https://link.aps.org/accepted/10.1103/PhysRevA.87.022703
2013;Journal of Physics B: Atomic, Molecular and Optical Physics 46 (3), 035202;Relativistic B-spline R-matrix calculations for electron collisions with lead atoms: differential cross sections and spin asymmetries;https://www.academia.edu/download/44886118/Relativistic_B-spline_R-matrix_calculati20160419-18870-100qen4.pdf
2013;Physical Review A 87 (1), 012704;B-spline R-matrix-with-pseudostates calculations for electron-impact excitation and ionization of carbon;https://link.aps.org/accepted/10.1103/PhysRevA.87.012704
2013;Physical Review A 87 (1), 016702;Comment II on “Topological angular momentum in electron exchange excitation of a single atom”;https://link.aps.org/accepted/10.1103/PhysRevA.87.016702
2013;Journal of Physics D: Applied Physics 46 (33), 334001;Comparisons of sets of electron–neutral scattering cross sections and swarm parameters in noble gases: I. Argon;
2013;European Astronomical Society Publications Series 63, 331-336;Impact of new atomic data for the formation of the Mg I b triplet lines in benchmark stars;https://dipot.ulb.ac.be/dspace/bitstream/2013/186197/3/merle_t.pdf
2012;Journal of Physics B: Atomic, Molecular and Optical Physics 46 (1), 015203;Electron impact excitation of the lowest doublet and quartet core-excited autoionizing states in Rb atoms;https://www.academia.edu/download/44886120/Electron_impact_excitation_of_the_lowest20160419-18420-1clleol.pdf
2012;UK Technological Plasmas Workshop;Cl atom spin-orbit excited densities in a Cl2 ICP determined by TALIF;
2012;Journal of Physics: Conference Series 388 (4), 042021;New spectroscopic classification of lowest autoionizing levels in Cs atoms;https://iopscience.iop.org/article/10.1088/1742-6596/388/4/042021/pdf
2012;Journal of Physics: Conference Series 388 (4), 042009;Resonance excitation of the (4p55s2) 2P3/2, 1/2 autoionizing states in Rb atoms by electron impact;https://iopscience.iop.org/article/10.1088/1742-6596/388/4/042009/pdf
2012;Journal of Physics: Conference Series 388 (1), 012008;Electron scattering from krypton: High-resolution experiments and B-spline R-matrix calculations;https://iopscience.iop.org/article/10.1088/1742-6596/388/1/012008/pdf
2012;Journal of Physics: Conference Series 388 (4), 042017;Electron scattering from krypton: High-resolution electron scattering experiments and B-spline R-matrix calculations;https://iopscience.iop.org/article/10.1088/1742-6596/388/4/042017/pdf
2012;Journal of Physics: Conference Series 388 (4), 042046;B-spline R-matrix with pseudo-states calculation for electron-impact ionization of helium;https://iopscience.iop.org/article/10.1088/1742-6596/388/4/042046/pdf
2012;APS Annual Gaseous Electronics Meeting Abstracts, NW1. 005;Electron Impact Excitation and Ionization of Neon;
2012;Physical Review A 86 (2), 022717;Electron-impact excitation of neon at intermediate energies;https://www.researchgate.net/profile/Oleg-Zatsarinny/publication/235540195_Electron-impact_excitation_of_neon_at_intermediate_energies/links/59a20b840f7e9b0fb89e53d2/Electron-impact-excitation-of-neon-at-intermediate-energies.pdf
2012;Physical Review A 85 (6), 062710;Large-scale pseudostate calculations for electron scattering from neon atoms;https://link.aps.org/accepted/10.1103/PhysRevA.85.062710
2012;Physical Review A 85 (6), 062709;Nonperturbative B-spline R-matrix-with-pseudostates calculations for electron-impact ionization of helium;https://www.researchgate.net/profile/Oleg-Zatsarinny/publication/229907563_Nonperturbative_B-spline_R-matrix-with-pseudostates_calculations_for_electron-impact_ionization_of_helium/links/5cf41852299bf1fb185304ca/Nonperturbative-B-spline-R-matrix-with-pseudostates-calculations-for-electron-impact-ionization-of-helium.pdf
2012;APS Division of Atomic, Molecular and Optical Physics Meeting Abstracts 43 …;Nonperturbative Treatment of Electron-Impact Ionization of Ar (3p);
2012;APS Division of Atomic, Molecular and Optical Physics Meeting Abstracts 43 …;B-Spline R-Matrix with Pseudo-States Treatment of Electron Collisions with Neon;
2012;APS Division of Atomic, Molecular and Optical Physics Meeting Abstracts 43 …;Electron scattering from silicon;
2012;APS Division of Atomic, Molecular and Optical Physics Meeting Abstracts 43 …;Refutation of a propensity rule in low-energy electron scattering by neon atoms;
2012;Physical Review A 85 (5), 050701;Unusual angular momentum transfer in electron-impact excitation of neon;https://link.aps.org/accepted/10.1103/PhysRevA.85.050701
2012;Physical Review A 85 (3), 032708;Nonperturbative treatment of electron-impact ionization of Ar (3 p);https://link.aps.org/accepted/10.1103/PhysRevA.85.032708
2012;Physical Review A 85 (3), 032702;Low-energy electron-impact ionization of argon: Three-dimensional cross section;https://link.aps.org/accepted/10.1103/PhysRevA.85.032702
2012;Physical Review A 85 (2), 022711;Electron scattering from silicon;https://link.aps.org/accepted/10.1103/PhysRevA.85.022711
2011;The Astrophysical Journal 743 (2), 206;Effective collision strengths for electron-impact excitation of Fe viii;https://iopscience.iop.org/article/10.1088/0004-637X/743/2/206
2011;APS Annual Gaseous Electronics Meeting Abstracts, QRP1. 065;Electron scattering from krypton: High-resolution electron scattering experiments and B-spline R-matrix calculations;
2011;APS Annual Gaseous Electronics Meeting Abstracts, NR2. 009;Fully Nonperturbative Treatment of Ionization and Ionization with Excitation of Noble Gases;
2011;APS Annual Gaseous Electronics Meeting Abstracts, QRP1. 069;Comparisons of sets of electron-neutral scattering cross sections and calculated swarm parameters in Ar;
2011;Physical Review Letters 107 (2), 023203;Nonperturbative treatment of ionization with excitation of helium by electron impact;https://link.aps.org/accepted/10.1103/PhysRevLett.107.023203
2011;Journal of Physics B: Atomic, Molecular and Optical Physics 44 (14), 145203;Excitation cross sections and spectroscopic classification of autoionizing levels in a caesium atom;
2011;AIP Conference Proceedings 1344 (1), 125-138;Accurate Cross‐section Calculations for Low‐Energy Electron–Atom Collisions;https://www.researchgate.net/profile/Oleg-Zatsarinny/publication/253483340_Accurate_Cross-section_Calculations_for_Low-Energy_Electron-Atom_Collisions/links/5669d19508ae1a797e37758f/Accurate-Cross-section-Calculations-for-Low-Energy-Electron-Atom-Collisions.pdf
2011;APS Division of Atomic, Molecular and Optical Physics Meeting Abstracts 42 …;B-spline R-matrix with pseudo-states calculation for electron-impact ionization of helium;
2011;APS Division of Atomic, Molecular and Optical Physics Meeting Abstracts 42 …;Electron Collision Cross Sections for Iodine;
2011;Physical Review A 83 (4), 040701;Unexpected effects in spin-polarized electron-impact excitation of the state in zinc;https://www.academia.edu/download/53589262/Unexpected_effects_in_spin-polarized_ele20170619-2985-1qutcr8.pdf
2011;Physical Review A 83 (4), 042702;Electron-collision cross sections for iodine;https://link.aps.org/accepted/10.1103/PhysRevA.83.042702
2011;Plasma Sources Science and Technology 20 (2), 024012;Benchmark calculations of atomic data for plasma and lighting applications;http://escampig2010.ipb.ac.rs/papers/WAM_I5.pdf
2011;Physical Review A 83 (3), 032713;High-resolution experiments and B-spline R-matrix calculations for elastic electron scattering from krypton;https://link.aps.org/accepted/10.1103/PhysRevA.83.032713
2011;Journal of Physics B: Atomic, Molecular and Optical Physics 44 (6), 065201;Electron impact excitation of the (4p5 5s) states in krypton: high-resolution electron scattering experiments and-spline-matrix calculations;https://folia.unifr.ch/documents/301925/files/all_eie.pdf
2011;Journal of Physics B: Atomic, Molecular and Optical Physics 44 (4), 045209;Differential cross sections for electron impact excitation of the n= 2 states of helium at intermediate energies (80, 100 and 120 eV) measured across the complete angular …;https://hal.science/hal-00596623/document
2011;Journal of physics. B. Atomic, molecular and optical physics 44 (4);Differential cross sections for electron impact excitation of the n;
2011;Journal of Physics B-Atomic Molecular and Optical Physics 44 (16), 169801;CORRIGENDUM: Near-threshold electron impact excitation of the argon 3p54s configuration—new and revised normalized differential cross sections using recent time-of-flight …;
2011;Quantum Dynamic Imaging: Theoretical and Numerical Methods, 13-22;Multi-photon single and double ionization of complex atoms by ultrashort intense laser pulses;http://ndl.ethernet.edu.et/bitstream/123456789/72096/1/503.pdf#page=30
2011;Physical Review-Section A-Atomic Molecularand Optical Physics 83 (4);Atomic and molecular collisions and interactions-Unexpected effects in spin-polarized electron-impact excitation of the (3d10) 4s5s) S1 state in zinc (4 pages) 040701 (R;
2010;Physical Review. A 82 (6);Electron collisions with copper atoms: Elastic scattering and electron-impact excitation of the (3d {sup 10} 4s){sup 2} S {yields}(3d {sup 10} 4p){sup 2} P resonance transition;
2010;Journal of Physics B: Atomic, Molecular and Optical Physics 44 (1), 015201;Near-threshold electron impact excitation of the argon 3p54s configuration-–new and revised normalized differential cross sections using recent time-of-flight measurements for …;https://www.researchgate.net/profile/Oleg-Zatsarinny/publication/229908396_Near-threshold_electron_impact_excitation_of_the_argon_3p54s_configuration-new_and_revised_normalized_differential_cross_sections_using_recent_time-of-flight_measurements_for_normalization_vol_44_0152/links/5cf41941299bf1fb18530553/Near-threshold-electron-impact-excitation-of-the-argon-3p54s-configuration-new-and-revised-normalized-differential-cross-sections-using-recent-time-of-flight-measurements-for-normalization-vol-44-015.pdf
2010;Physical Review A 82 (6), 062703;Electron collisions with copper atoms: Elastic scattering and electron-impact excitation of the resonance transition;https://www.researchgate.net/profile/Oleg-Zatsarinny/publication/255250155_Electron_collisions_with_copper_atoms_Elastic_scattering_and_electron-impact_excitation_of_the_3d4sS3d4pP_resonance_transition/links/5da2113392851c6b4bd0f2b1/Electron-collisions-with-copper-atoms-Elastic-scattering-and-electron-impact-excitation-of-the-3d4sS3d4pP-resonance-transition.pdf
2010;Bulletin of the American Physical Society 55;Electron scattering from copper;
2010;Bulletin of the American Physical Society 55;Benchmark data for elastic and inelastic electron collisions with krypton atoms;
2010;Bulletin of the American Physical Society 55;Elastic electron scattering from atomic and molecular iodine;
2010;Bulletin of the American Physical Society 55;A comprehensive study of electron collisions with heavy noble gases;
2010;New Journal of Physics 12 (7), 073018;Validation of atomic data using a plasma discharge;https://iopscience.iop.org/article/10.1088/1367-2630/12/7/073018/pdf
2010;Physical Review. A 81 (6);Electron-impact excitation of the (3d {sup 10} 4s){sup 2} S {sub 1/2}{yields}(3d {sup 9} 4s {sup 2}){sup 2} D {sub 5/2, 3/2} transitions in copper atoms;https://www.osti.gov/etdeweb/biblio/21437896
2010;Physical Review A 81 (6), 062705;Electron-impact excitation of the transitions in copper atoms;https://www.researchgate.net/profile/Oleg-Zatsarinny/publication/253318877_Electron-impact_excitation_of_the_3d104s2S12--3d94s22D5232_transitions_in_copper_atoms/links/5f5916cba6fdcc11640467e0/Electron-impact-excitation-of-the-3d104s2S1-2--3d94s22D5-2-3-2-transitions-in-copper-atoms.pdf
2010;VizieR Online Data Catalog, J/ApJS/188/32;Breit-Pauli transition probabilities for SII (Tayal+, 2010);
2010;American Astronomical Society Meeting Abstracts# 216 216, 411.03;Electron Collision and Transition Rates for S II and Fe XII;
2010;Physical Review A 81 (4), 043423;Photoionization of potassium atoms from the ground and excited states;
2010;Journal of Physics. B, Atomic, Molecular and Optical Physics 43;New light on the Kr {sup-}(4p {sup 5} 5s {sup 2}) Feshbach resonances: high-resolution electron scattering experiments and B-spline R-matrix calculations;
2010;The Astrophysical Journal Supplement Series 188 (1), 32;Breit–Pauli transition probabilities and electron excitation collision strengths for singly ionized sulfur;https://iopscience.iop.org/article/10.1088/0067-0049/188/1/32
2010;Journal of Physics B: Atomic, Molecular and Optical Physics 43 (8), 085206;New light on the Kr−(4p55s2) Feshbach resonances: high-resolution electron scattering experiments and B-spline R-matrix calculations;https://hal.science/hal-00569907/document
2010;Journal of Physics B: Atomic, Molecular and Optical Physics 43 (7), 074031;Benchmark calculations for near-threshold electron-impact excitation of krypton and xenon atoms;https://www.researchgate.net/profile/Oleg-Zatsarinny/publication/259327668_Electron_impact_excitation_of_xenon/links/5a1d79324585153731899953/Electron-impact-excitation-of-xenon.pdf
2010;APS Division of Atomic, Molecular and Optical Physics Meeting Abstracts 55 …;Cross sections for electron scattering from S II;
2010;APS Division of Atomic, Molecular and Optical Physics Meeting Abstracts 55 …;Photoionization of potassium from the ground and excited states;
2010;Astronomy & Astrophysics 510, A79;Electron excitation collision strengths for transitions in K II;https://www.aanda.org/articles/aa/full_html/2010/02/aa11977-09/aa11977-09.html
2010;Physical Review A 81 (1), 012705;Angle-differential Stokes parameters for spin-polarized electron-impact excitation of the Hg state at -eV scattering energy;https://www.osti.gov/etdeweb/biblio/21388730
2010;Revista Mexicana de Física 56 (2), 74-78;Inner-shell photodetachment of boron negative ion;https://www.redalyc.org/pdf/570/57030352015.pdf
2009;Physical Review A 80 (6), 062711;Spin-asymmetry function for elastic electron scattering from lead atoms in the energy range 11–14 eV;https://www.researchgate.net/profile/Reetesh-Gangwar-2/publication/229908423_Spin-asymmetry_function_for_elastic_electron_scattering_from_lead_atoms_in_the_energy_range_11-14_eV/links/598094b6a6fdcc324bbe6714/Spin-asymmetry-function-for-elastic-electron-scattering-from-lead-atoms-in-the-energy-range-11-14-eV.pdf
2009;PMC Physics B 2, 1-17;Near-threshold electron-impact excitation of argon studied with the time-of-flight technique;https://link.springer.com/article/10.1186/1754-0429-2-3
2009;Computer Physics Communications 180 (12), 2401-2409;ALTDSE: An Arnoldi–Lanczos program to solve the time-dependent Schrödinger equation;
2009;Molecular Physics 107 (22), 2387-2393;Long-range interactions of the chlorine atom;https://www.researchgate.net/profile/Oleg-Zatsarinny/publication/229908476_Long-range_interactions_of_the_chlorine_atom/links/0fcfd511ac5ebcf81c000000/Long-range-interactions-of-the-chlorine-atom.pdf
2009;Journal of Physics: Conference Series 194 (4), 042018;Excitation of the np5 (n+ 1) s2 2P3/2 autoionizing states in Na, K, and Cs atoms by low-energy electron impact;https://iopscience.iop.org/article/10.1088/1742-6596/194/4/042018/pdf
2009;Journal of Physics: Conference Series 194 (4), 042023;Fully relativistic B-spline R-matrix calculations for electron collisions with mercury atoms;https://iopscience.iop.org/article/10.1088/1742-6596/194/4/042023/pdf
2009;VizieR Online Data Catalog, J/A+ A/510/A79;VizieR Online Data Catalog: Effective collision strengths for K II (Tayal+, 2010);
2009;Journal of Physics: Conference Series 194 (4), 042024;Fully relativistic B-spline R-matrix calculations for electron collisions with xenon atoms;https://iopscience.iop.org/article/10.1088/1742-6596/194/4/042024/pdf
2009;Journal of Physics: Conference Series 194 (2), 022043;Photoionization of potassium atoms from the ground and excited states;https://iopscience.iop.org/article/10.1088/1742-6596/194/2/022043/pdf
2009;Computer Physics Communications 180 (11), 2041-2065;Atomic structure calculations using MCHF and BSR;https://www.researchgate.net/profile/Oleg-Zatsarinny/publication/220257169_Atomic_structure_calculations_using_MCHF_and_BSR/links/5a1c64d6aca2726120b22f9c/Atomic-structure-calculations-using-MCHF-and-BSR.pdf
2009;APS Annual Gaseous Electronics Meeting Abstracts, SR2. 002;Benchmark calculations for electron collisions with mercury;
2009;APS Annual Gaseous Electronics Meeting Abstracts, SR2. 005;Accurate atomic data for xenon: energy levels, oscillator strengths, and electron collision cross sections;
2009;Journal of Physics D: Applied Physics 42 (18), 185203;Near-infrared collisional radiative model for Xe plasma electrostatic thrusters: the role of metastable atoms;https://apps.dtic.mil/sti/tr/pdf/ADA510233.pdf
2009;Journal of Physics B: Atomic, Molecular and Optical Physics 42 (13), 134015;A time-dependent B-spline R-matrix approach to double ionization of atoms by XUV laser pulses;https://iopscience.iop.org/article/10.1088/1742-6596/194/3/032027/pdf
2009;Computer Physics Communications 180 (6), 879-886;A B-spline Galerkin method for the Dirac equation;https://arxiv.org/pdf/0806.3067
2009;Physical Review A 79 (5), 052709;Cross sections for electron scattering from magnesium;https://iopscience.iop.org/article/10.1088/1742-6596/194/4/042029/pdf
2009;Physica Scripta 2009 (T134), 014020;B-spline calculations of oscillator strengths in noble gases;https://www.researchgate.net/profile/Oleg-Zatsarinny/publication/229908465_B-spline_calculations_of_oscillator_strengths_in_noble_gases/links/5cf419c292851c4dd0240494/B-spline-calculations-of-oscillator-strengths-in-noble-gases.pdf
2009;APS Division of Atomic, Molecular and Optical Physics Meeting Abstracts 40 …;Fully relativistic B-spline R-matrix calculations for electron collisions with xenon;
2009;Physical Review A 79 (4), 042712;Spin-resolved electron-impact excitation of the 6 s 6 p (J= 1) states in mercury;https://www.researchgate.net/profile/Oleg-Zatsarinny/publication/229908468_Spin-resolved_electron-impact_excitation_of_the_6s6p_J1_states_in_mercury/links/5cf41a5ca6fdcc8475001302/Spin-resolved-electron-impact-excitation-of-the-6s6p-J1-states-in-mercury.pdf
2009;Physical Review A 79 (4), 042713;Fully relativistic B-spline R-matrix calculations for electron collisions with mercury;
2009;Physical Review A 79 (4), 042702;Emission cross sections for electron-impact excitation of zinc atoms;https://www.researchgate.net/profile/Oleg-Zatsarinny/publication/229908437_Emission_cross_sections_for_electron-impact_excitation_of_zinc_atoms/links/00b49517e8dc5540a7000000/Emission-cross-sections-for-electron-impact-excitation-of-zinc-atoms.pdf
2009;The Journal of chemical physics 130 (12);Multipole polarizabilities and long-range interactions of the fluorine atom;https://www.academia.edu/download/44886117/Multipole_polarizabilities_and_long-rang20160419-18420-1f6x481.pdf
2009;Journal of Physics B: Atomic, Molecular and Optical Physics 42 (4), 044009;Absolute angle-differential cross sections for electron-impact excitation of neon within the first 3.5 eV above threshold;https://folia.unifr.ch/documents/301036/files/allan_aad.pdf
2009;Journal of Physics B: Atomic, Molecular and Optical Physics 42 (4), 044010;Resonance effects in electron and photon impact excitation of the p6 subvalence subshell in alkali atoms;
2008;Physical Review A 78 (5), 053402;Time-dependent R-matrix calculations for multiphoton ionization of argon atoms in strong laser pulses;https://www.researchgate.net/profile/Oleg-Zatsarinny/publication/30420581_Time-dependent_R-matrix_calculations_for_multiphoton_ionization_of_argon_atoms_in_strong_laser_pulses/links/5cf40e5fa6fdcc8475000cb4/Time-dependent-R-matrix-calculations-for-multiphoton-ionization-of-argon-atoms-in-strong-laser-pulses.pdf
2008;Physical Review A 78 (4), 042713;Electron-impact excitation of the (5 d 10 6 s) S 1∕ 2 2→(5 d 9 6 s 2) D 5∕ 2, 3∕ 2 2 transitions in gold atoms;https://fac.flinders.edu.au/bitstream/2328/8522/1/2006009392.pdf
2008;APS Annual Gaseous Electronics Meeting Abstracts, LW2. 001;Calculation of Atomic Data for Plasma Applications;
2008;APS Annual Gaseous Electronics Meeting Abstracts, FTP. 108;A Fully Relativistic B-Spline R-Matrix Method for Electron and Photon Collisions with Atoms and Ions;
2008;APS Annual Gaseous Electronics Meeting Abstracts, LW2. 003;Low-Energy Electron Collisions with Copper and Gold Atoms;
2008;APS Annual Gaseous Electronics Meeting Abstracts, LW2. 006;Absolute angle-differential cross sections for near-threshold electron-impact excitation of neon;
2008;Journal of Physics D: Applied Physics 41 (20), 205207;Reconstruction of an electron energy distribution function using integrated data analysis;https://pure.mpg.de/rest/items/item_2142392/component/file_2142391/content
2008;Physical Review A 78 (1), 012713;Excitation cross sections for electron scattering from K+ ions;
2008;Physical Review A 77 (6), 062711;Electron-impact excitation of the (5 d 10 6 s) S 2 1/2→(5 d 10 6 p) P 2 1/2, 3/2 resonance transitions in gold atoms;
2008;Physical Review A 77 (6), 062701;Relativistic B-spline R-matrix method for electron collisions with atoms and ions: Application to low-energy electron scattering from Cs;https://www.researchgate.net/profile/Oleg-Zatsarinny/publication/229908485_Relativistic_B-spline_R-matrix_method_for_electron_collisions_with_atoms_and_ions_Application_to_low-energy_electron_scattering_from_Cs/links/5cf41994299bf1fb185305c9/Relativistic-B-spline-R-matrix-method-for-electron-collisions-with-atoms-and-ions-Application-to-low-energy-electron-scattering-from-Cs.pdf
2008;APS Division of Atomic, Molecular and Optical Physics Meeting Abstracts 39 …;B-spline Galerkin methods for the Dirac equation;
2008;APS Division of Atomic, Molecular and Optical Physics Meeting Abstracts 39 …;Full-Relativistic B-Spline R-Matrix Calculations for Electron Collisions with Gold Atoms.;
2008;APS Division of Atomic, Molecular and Optical Physics Meeting Abstracts 39 …;Excitation and Ionization of Argon by Few-Cycle Intense Laser Pulses;
2008;APS Division of Atomic, Molecular and Optical Physics Meeting Abstracts 39 …;K-shell photodetachment of small size-selected negative ion clusters: Experiment and theory;
2008;AIP Conference Proceedings 993 (1), 203-210;Form-Free Reconstruction of an Electron Energy Distribution Function from Optical Emission Spectroscopy;https://pure.mpg.de/rest/items/item_2142529/component/file_2142528/content
2008;Journal of Physics B: Atomic, Molecular and Optical Physics 41 (3), 035206;Near-threshold electron-impact excitation of the (2p53s2) 2P3/2, 1/2 autoionizing states in sodium;https://www.researchgate.net/profile/Oleg-Zatsarinny/publication/238964450_Near-threshold_electron-impact_excitation_of_the_2p53s22P3212_autoionizing_states_in_sodium/links/56ea219208aec8bc07816ad6/Near-threshold-electron-impact-excitation-of-the-2p53s22P3-2-1-2-autoionizing-states-in-sodium.pdf
2008;;Integrated analysis of spectroscopic data;https://www.researchgate.net/profile/Oleg-Zatsarinny/publication/228952924_Integrated_Analysis_of_Spectroscopic_Data/links/00b49517e8dc74f9ed000000/Integrated-Analysis-of-Spectroscopic-Data.pdf
2008;Joint Conference of 17th International Toki Conference on Physics of Flows …;Integrated Data Analysis of Spectroscopic Data;
2008;Physical Review-Section A-Atomic Molecular and Optical Physics 77 (6), 62701 …;Atomic and molecular collisions and interactions-Relativistic B-spline R-matrix method for electron collisions with atoms and ions: Application to low-energy electron …;
2007;Physical Review A 76 (5), 053411;General approach to few-cycle intense laser interactions with complex atoms;https://arxiv.org/pdf/0704.3239
2007;Journal of Physics B: Atomic, Molecular and Optical Physics 40 (20), 4023;Electron-impact excitation of calcium;
2007;APS Annual Gaseous Electronics Meeting Abstracts, QR2. 003;Inner-shell photodetachment of Na^-and electron-impact ionization of auto-ionizing states in Na.;
2007;Physical Review A 76 (3), 032713;Shape resonances in the absolute -shell photodetachment of;https://www.researchgate.net/profile/R-Bilodeau/publication/241919602_Shape_resonances_in_the_absolute_K-shell_photodetachment_of_B-/links/00b495202b29ecbbb0000000/Shape-resonances-in-the-absolute-K-shell-photodetachment-of-B.pdf
2007;Theoretical Chemistry Accounts 118 (3), 623-630;4p2 resonances in photoionization from 4s4p levels in neutral zinc;https://www.researchgate.net/profile/Oleg-Zatsarinny/publication/225215978_4p2_resonances_in_photoionization_from_4s4p_levels_in_neutral_zinc/links/0046351c0b982b3955000000/4p2-resonances-in-photoionization-from-4s4p-levels-in-neutral-zinc.pdf
2007;APS Division of Atomic, Molecular and Optical Physics Meeting Abstracts 38 …;A general approach to few-cycle laser interactions with complex atoms;
2007;APS Division of Atomic, Molecular and Optical Physics Meeting Abstracts 38 …;A Direct, Time Dependent, Lanczos Propagation Method for Non-Orthogonal Basis Sets;
2007;;PHOTODETACHMENT OF C;https://www.academia.edu/download/30822140/We026.pdf
2007;AIP Conference Proceedings 901 (1), 117-126;High‐Precision Cross Sections for Low‐Energy Electron‐Atom Collisions;
2007;Journal of Physics B: Atomic, Molecular and Optical Physics 40 (4), F43;B-Spline R-matrix calculations for the spin asymmetry function in electron-impact excitation of argon and krypton;https://www.researchgate.net/profile/Oleg-Zatsarinny/publication/229908495_B-Spline_R-matrix_calculations_for_the_spin_asymmetry_function_in_electron-impact_excitation_of_argon_and_krypton/links/0c960528f10e14eeef000000/B-Spline-R-matrix-calculations-for-the-spin-asymmetry-function-in-electron-impact-excitation-of-argon-and-krypton.pdf
2006;Photonic, Electronic and Atomic Collisions, 261-264;Absolute angle-Differential cross sections for excitation of neon atoms by electrons of energy 16.6-19.2 ev;
2006;Physical Review A 74 (5), 052708;Low-energy electron scattering from Ca atoms and photodetachment of Ca−;
2006;Journal of Physics B: Atomic, Molecular and Optical Physics 39 (20), 4179;Benchmark experiment and theory for near-threshold excitation of helium by electron impact;https://researchportal.murdoch.edu.au/esploro/fulltext/journalArticle/Benchmark-experiment-and-theory-for-near-threshold/991005540445807891?repId=12135165070007891&mId=13136887340007891&institution=61MUN_INST
2006;APS Annual Gaseous Electronics Meeting Abstracts, FPT. 103;High-precision calculations for electron collisions with krypton and xenon.;
2006;APS Annual Gaseous Electronics Meeting Abstracts, FPT. 103;Benchmark Measurements and Theory for Electronic Excitation of He by Electron Impact;
2006;Physical Review A 74 (3), 030701;Near-threshold absolute angle-differential cross sections for electron-impact excitation of argon and xenon;https://folia.unifr.ch/documents/300086/files/allan_nta.pdf
2006;Physical Review A 74 (1), 012509;Laser transition probabilities in Xe I;https://www.researchgate.net/profile/Oleg-Zatsarinny/publication/235570652_Laser_transition_probabilities_in_Xe_I/links/5c3f4d88a6fdccd6b5b183c2/Laser-transition-probabilities-in-Xe-I.pdf
2006;Verhandlungen der Deutschen Physikalischen Gesellschaft 41;Absolute angular-differential excitation cross sections for electron-neon collision in the energy range of 16.6-19.2 eV; Absolute winkeldifferentielle Anregungsquerschnitte …;
2006;Journal of Physics B: Atomic, Molecular and Optical Physics 39 (12), 2861;Oscillator strengths for allowed and intercombination transitions in neutral sulfur;
2006;Physical Review A 73 (6), 062701;Near-threshold electron-impact excitation of the (3 p 5 4 s 4 p) 4 S 3∕ 2 quasimetastable state in potassium;
2006;APS Division of Atomic, Molecular and Optical Physics Meeting Abstracts 37 …;Near-threshold electron-impact excitation of the 3^ 3S and 3^ 1S states of Helium.;
2006;APS Division of Atomic, Molecular and Optical Physics Meeting Abstracts 37 …;PCI effects in electron-impact excitation of the (3p^54s^2)^2PJ levels in potassium.;
2006;APS Division of Atomic, Molecular and Optical Physics Meeting Abstracts 37 …;B-Spline Breit-Pauli R-matrix calculations for electron collisions with Krypton and Xenon.;
2006;APS Division of Atomic, Molecular and Optical Physics Meeting Abstracts 37 …;Peculiarities in optical excitation functions of Zn and Cd atoms.;
2006;Journal of Physics B: Atomic, Molecular and Optical Physics 39 (9), 2145;B-spline calculations of oscillator strengths in neutral argon;https://www.academia.edu/download/44886160/B-spline_calculations_of_oscillator_stre20160419-26546-yp2m39.pdf
2006;Journal of Physics B: Atomic, Molecular and Optical Physics 39 (6), 1547;Integral cross sections for electron-impact excitation of the 33S and 31S states of He near threshold;
2006;Journal of Physics B: Atomic, Molecular and Optical Physics 39 (6), L139;Absolute angle-differential cross sections for electron-impact excitation of neon atoms from threshold to 19.5 eV;https://folia.unifr.ch/documents/299957/files/allan_aad.pdf
2006;Physical Review A 73 (2), 022714;Low-energy photodetachment of O−;
2006;Journal of Physics B: Atomic, Molecular and Optical Physics 39 (5), 1237;Low-energy elastic electron scattering by atomic oxygen;
2006;Computer physics communications 174 (4), 273-356;BSR: B-spline atomic R-matrix codes;https://www.researchgate.net/profile/Oleg-Zatsarinny/publication/223483489_BSR_B-spline_atomic_R-matrix_codes/links/5a4b1477aca272d29464829a/BSR-B-spline-atomic-R-matrix-codes.pdf
2006;Journal of Physics B: Atomic, Molecular and Optical Physics 39 (3), 591;The role of cascade processes in electron-impact excitation of the (3p54s2) 2P3/2, 1/2 autoionizing levels in potassium;https://www.academia.edu/download/43727516/The_role_of_cascade_processes_in_electro20160314-23421-7unokh.pdf
2006;Journal reference: Comput. Phys. Commun 174, 273;Program title: BSR Catalogue identifier: ADWY_v1_0 Distribution format: tar. gz;
2006;Photonic, Electronic And Atomic Collisions, 253-260;The B-Spline R-Matrix Method for Electron and Photon Collisions with Atoms and Ions;
2005;Journal of Physics B: Atomic, Molecular and Optical Physics 38 (20), 3631;B-spline R-matrix with pseudostates approach for electron impact excitation of atomic nitrogen;
2005;Physical Review A 72 (2), 020702;Benchmark calculations for electron collisions with Fe+;
2005;APS Division of Atomic, Molecular and Optical Physics Meeting Abstracts 36 …;Excitation of Atomic Nitrogen by Electron Impact;
2005;APS Division of Atomic, Molecular and Optical Physics Meeting Abstracts 36 …;Electron-impact excitation of FeII;
2005;Physical Review A 71 (4), 042702;Electron-impact excitation of carbon;https://www.researchgate.net/profile/Oleg-Zatsarinny/publication/27283848_Electron-impact_excitation_of_carbon/links/5cf40e0d4585153c3daec27f/Electron-impact-excitation-of-carbon.pdf
2005;Journal of Physics B: Atomic, Molecular and Optical Physics 38 (8), 1081;Electron impact excitation of the (3p54s2) 2P3/2, 1/2 autoionizing states in potassium;https://www.researchgate.net/profile/Alexei-Grum-Grzhimailo/publication/229908555_Electron_impact_excitation_of_the_3p54s2P-23212_autoionizing_states_in_potassium/links/00b4952b5220a4ede5000000/Electron-impact-excitation-of-the-3p54s2P-23-2-1-2-autoionizing-states-in-potassium.pdf
2005;Physical Review A 71 (2), 022716;Benchmark calculations for electron collisions with zinc atoms;
2005;Physical Review A 71 (1), 012704;Low-lying resonances in electron-neon scattering: Measurements at resolution and comparison with theory;
2005;Physical Review-Section A-Atomic Molecular and Optical Physics 71 (1), 12704 …;Atomic and molecular collisions and interactions-Low-lying resonances in electron-neon scattering: Measurements at 4-meV resolution and comparison with theory;
2004;Journal of Physics B: Atomic, Molecular and Optical Physics 37 (23), 4693;B-spline Breit–Pauli R-matrix calculations for electron collisions with argon atoms;
2004;Astronomy & Astrophysics 426 (2), 699-705;Dielectronic recombination data for dynamic finite-density plasmas-VII. The neon isoelectronic sequence;https://www.aanda.org/articles/aa/pdf/2004/41/aa0463-04.pdf
2004;APS Annual Gaseous Electronics Meeting Abstracts, ES1. 028;B-Spline R-matrix calculations for electron collisions with quasi-two-electron atoms.;
2004;APS Annual Gaseous Electronics Meeting Abstracts, ES1. 027;B-Spline Breit-Pauli R-matrix calculations for electron collisions with heavy noble gases.;
2004;Journal of Physics B: Atomic, Molecular and Optical Physics 37 (13), 2617;On the convergence of close-coupling results for low-energy electron scattering from magnesium;
2004;Journal of Physics B: Atomic, Molecular and Optical Physics 37 (10), 2173;B-spline Breit–Pauli R-matrix calculations for electron collisions with neon atoms;
2004;APS Division of Atomic, Molecular and Optical Physics Meeting Abstracts 35 …;Benchmark calculations for electron collisions with Mg.;
2004;Astronomy & Astrophysics 417 (3), 1173-1181;Dielectronic recombination data for dynamic finite-density plasmas-IV. The carbon isoelectronic sequence;https://www.aanda.org/articles/aa/pdf/2004/15/aa0174.pdf
2004;Language 2004;Dielectronic Recombination Data for Dynamic Finite-Density Plasmas. III. The Carbon Isoelectronic Sequence;
2004;;Dielectronic recombination data for dynamic finite-density plasmas VII. The neon isoelectronic sequence;https://academiccommons.columbia.edu/doi/10.7916/D8C256B0/download
2003;Physical Review A 68 (5), 050703;Postcollision recapture in the K-shell photodetachment of Li−;https://www.academia.edu/download/99795813/fulltext.pdf
2003;Journal of Physics. B, Atomic, Molecular and Optical Physics 36;Alignment after 2p ionization of Na atoms by electron impact: the 2p {sup 5} 3s {sup 1} P {sub 1} and {sup 3} P {sub 1} states;
2003;The Astrophysical Journal Supplement Series 148 (2), 575;Electron collisional excitation rates for OI using the B-spline R-matrix approach;https://iopscience.iop.org/article/10.1086/377354/pdf
2003;Journal of Physics B: Atomic, Molecular and Optical Physics 36 (19), 3961;Alignment after 2p ionization of Na atoms by electron impact: the 2p53s 1P1 and 3P1 states;https://www.researchgate.net/profile/Alexei-Grum-Grzhimailo/publication/231145599_Alignment_after_2p_ionization_of_Na_atoms_by_electron_impact_The_2p53s_1P1_and_3P1_states/links/00b4952c3f02546722000000/Alignment-after-2p-ionization-of-Na-atoms-by-electron-impact-The-2p53s-1P1-and-3P1-states.pdf
2003;The Astrophysical Journal Supplement Series 147 (2), 421;Dielectronic Recombination of Fe XXI and Fe XXII via N= 2→ N′= 2 Core Excitations;https://iopscience.iop.org/article/10.1086/375688/pdf
2003;Astronomy & Astrophysics 406 (3), 1151-1165;Dielectronic recombination data for dynamic finite-density plasmas-I. Goals and methodology;https://www.aanda.org/articles/aa/pdf/2003/30/aa3855.pdf
2003;The Astrophysical Journal 592 (1), 636;Assessment of the fluorescence and auger DataBase used in plasma modeling;https://iopscience.iop.org/article/10.1086/375561/pdf
2003;APS Division of Atomic, Molecular and Optical Physics Meeting Abstracts 34 …;K-Shell Photodetachment of C^-and B^-: Theory;
2003;APS Division of Atomic, Molecular and Optical Physics Meeting Abstracts 34 …;Electron impact excitation of Cl II using the B-spline R-matrix approach;
2003;Physical Review A 67 (3), 030703;-shell photodetachment from Experiment and theory;https://www.researchgate.net/profile/Brendan_Mclaughlin/publication/24162945_K-Shell_Photodetachment_from_Csup_-_Experiment_and_Theory/links/09e414ff5eb5e7ce67000000/K-Shell-Photodetachment-from-Csup-Experiment-and-Theory.pdf
2003;AAS/High Energy Astrophysics Division# 7 7, 15.01;Computation of Dielectronic Recombination Data for the Carbonlike, Fluorinelike, and Oxygenlike Isoelectronic Sequences;
2003;;Dielectronic Recombination of Fe XXI and Fe XXII via N= 2→ N'= 2 Core Excitations: Data;https://academiccommons.columbia.edu/doi/10.7916/D80C6BT0/download
2002;Journal of Physics B: Atomic, Molecular and Optical Physics 35 (22), 4669;Oscillator strengths for transitions to high-lying excited states of carbon;
2002;NASA Laboratory Astrophysics Workshop, 60;Computation of Dielectronic Recombination Data for the Oxygen-Like Isoelectronic Sequence;https://adsabs.harvard.edu/full/work/nla../2002/0000061.000.html
2002;Journal of Physics. B, Atomic, Molecular and Optical Physics 35;Photodetachment of He {sup-} 1s2s2p {sup 4} P {sup o} in the region of the 1s threshold;
2002;Journal of Physics B: Atomic, Molecular and Optical Physics 35 (20), 4161;Photodetachment of He− 1s2s2p 4Po in the region of the 1s threshold;https://nlte.nist.gov/MCHF/all/p273.pdf
2002;The Astrophysical Journal 576 (2), 1098;Dielectronic recombination of Fe XIX forming Fe XVIII: Laboratory measurements and theoretical calculations;https://iopscience.iop.org/article/10.1086/341810/pdf
2002;Journal of Physics B: Atomic, Molecular and Optical Physics 35 (11), 2493;Electron impact collision strengths and rates for neutral sulphur using the B-spline R-matrix approach;https://www.researchgate.net/profile/Oleg-Zatsarinny/publication/231126706_Electron_impact_collision_strengths_and_rates_for_neutral_sulphur_using_the_B-spline_R-matrix_approach/links/56ea219308ae95bddc2a56c9/Electron-impact-collision-strengths-and-rates-for-neutral-sulphur-using-the-B-spline-R-matrix-approach.pdf
2002;Journal of Physics B: Atomic, Molecular and Optical Physics 35 (2), 241;R-matrix calculation with non-orthogonal orbitals for electron-impact excitation of atomic oxygen;
2002;;Dielectronic Recombination of Fe XIX Forming Fe XVIII: Laboratory Measurements and Theoretical Calculations: Data;https://academiccommons.columbia.edu/doi/10.7916/D89K5T9J/download
2001;Journal of Physics B: Atomic, Molecular and Optical Physics 34 (17), 3383;Low-energy electron collisions with atomic sulfur: R-matrix calculation with non-orthogonal orbitals;
2001;APS Division of Atomic, Molecular and Optical Physics Meeting Abstracts 46 …;Low-energy electron scattering from atomic oxygen;
2001;Journal of Physics B: Atomic, Molecular and Optical Physics 34 (7), 1299;Low-energy electron collisions with atomic oxygen: R-matrix calculation with non-orthogonal orbitals;
2001;ПП" Шарк";Measurement and R–matrix calculation of superelastic electron–scattering cross–sections on the metastable (3s3p) 3p0, 2 states In Mg;https://dspace.uzhnu.edu.ua/jspui/bitstream/lib/30600/1/%D0%95%D0%BA%D1%81%D0%BF%D0%B5%D1%80%D0%B8%D0%BC%D0%B5%D0%BD%D1%82%D0%B0%D0%BB%D1%8C%D0%BD%D1%96%20%D0%B4%D0%BE%D1%81%D0%BB%D1%96%D0%B4%D0%B6%D0%B5%D0%BD%D0%BD%D1%8F%20%D1%82%D0%B0%20R-%D0%BC%D0%B0%D1%82%D1%80%D0%B8%D1%87%D0%BD%D1%96%20%D1%80%D0%BE%D0%B7%D1%80%D0%B0%D1%85%D1%83%D0%BD%D0%BA%D0%B8%20%D0%BF%D0%B5%D1%80%D0%B5%D1%80%D1%96%D0%B7%D1%96%D0%B2%20%D0%BD%D0%B0%D0%B4%20%D0%BF%D1%80%D1%83%D0%B6%D0%BD%D0%BE%D0%B3%D0%BE%20%D1%80%D0%BE%D0%B7%D1%81%D1%96%D1%8F%D0%BD%D0%BD%D1%8F%20%D0%B5%D0%BB%D0%B5%D0%BA%D1%82%D1%80%D0%BE%D0%BD%D1%96%D0%B2%20%D0%BD%D0%B0%20%D0%BC%D0%B5%D1%82%D0%B0%D1%81%D1%82%D0%B0%D0%B1%D1%96%D0%BB%D1%8C%D0%BD%D0%B8%D1%85%20%D1%81%D1%82%D0%B0%D0%BD%D0%B0%D1%85%20%283s3p%293P0%2C2%D0%9Cg.pdf
2000;Ukrayins' kij Fyizichnij Zhurnal 45;Analysis of the contribution of resonance processes to inelastic electron scattering cross sections by ions; Analyiz vnesku rezonansnikh protsesyiv u pereryizi nepruzhnogo …;
2000;(No Title);Electron scattering on complex atoms (ions);
2000;Journal of Physics B: Atomic, Molecular and Optical Physics 33 (6), 1237;Cross sections of the 3p-1 diagram and satellite Auger states in atomic calcium for electron impact;
2000;Journal of Physics B: Atomic, Molecular and Optical Physics 33 (3), 313;The use of basis splines and non-orthogonal orbitals in R-matrix calculations: application to Li photoionization;
2000;Computer physics communications 124 (2-3), 247-289;A general program for computing angular integrals of the Breit–Pauli Hamiltonian with non-orthogonal orbitals;
2000;Науковий вісник Ужгородського університету. Сер.: Фізика, 145-148;Total electron excitation cross sections for low-energy autoionizing states in lithium;http://www.irbis-nbuv.gov.ua/cgi-bin/irbis_nbuv/cgiirbis_64.exe?C21COM=2&I21DBN=UJRN&P21DBN=UJRN&IMAGE_FILE_DOWNLOAD=1&Image_file_name=PDF/Nvuufiz_2000_8(1)__30.pdf
2000;Науковий вісник Ужгородського університету. Сер.: Фізика, 332-335;R-matrix calculation of the electron-impact excitation of Zn+ and Cd+;http://www.irbis-nbuv.gov.ua/cgi-bin/irbis_nbuv/cgiirbis_64.exe?C21COM=2&I21DBN=UJRN&P21DBN=UJRN&IMAGE_FILE_DOWNLOAD=1&Image_file_name=PDF/Nvuufiz_2000_8(2)__37.pdf
2000;Physics Essays 13 (2-3), 307-324;Experimental and theoretical Auger and autoionization spectra for electron impact on laser-excited Ba atoms;
1999;Journal of Physics B: Atomic, Molecular and Optical Physics 32 (19), 4793;R-matrix calculations of the electron-impact excitation of Zn+;
1999;Journal of Physics B: Atomic, Molecular and Optical Physics 32 (19), L565;R-matrix calculations of core-excited negative-ion states in Li;
1999;Nuclear Instruments and Methods in Physics Research Section B: Beam …;Electron impact ionization and excitation of laser-excited atoms: investigation by means of electron spectrometry;
1999;Physical Review A 59 (3), 2016;Electron-impact excitation of the Mg atom from the ground and metastable states: R-matrix calculation with pseudostates;https://www.researchgate.net/profile/Carl-Kocher/publication/235481996_Electron-impact_excitation_of_the_Mg_atom_from_the_ground_and_metastable_states_R-matrix_calculation_with_pseudostates/links/55ccfee808aebebb8f577c9a/Electron-impact-excitation-of-the-Mg-atom-from-the-ground-and-metastable-states-R-matrix-calculation-with-pseudostates.pdf
1999;Physical Review-Section A-Atomic Molecular and Optical Physics 59 (3), 2016-2029;Atomic and molecular collisions and interactions-Electron-impact excitation of the Mg atom from the ground and metastable states: R-matrix calculation with pseudostates;
1997;Physical Review A 56 (5), 3753;Calculation of electron-impact excitation from metastable states of the Sr atom;https://www.researchgate.net/profile/Carl-Kocher/publication/235455396_Calculation_of_electron-impact_excitation_from_metastable_states_of_the_Sr_atom/links/59eea2650f7e9b369575aac4/Calculation-of-electron-impact-excitation-from-metastable-states-of-the-Sr-atom.pdf
1997;Journal of Physics B: Atomic, Molecular and Optical Physics 30 (16), 3611;Electron impact excitation and ionization of laser-excited sodium atoms;
1997;Journal of Physics B: Atomic, Molecular and Optical Physics 30 (13), 2975;Experimental and theoretical Auger and autoionization spectra for electron impact on laser-excited Na atoms;https://www.researchgate.net/profile/Oleg-Zatsarinny/publication/230916957_Experimental_and_theoretical_Auger_and_autoionization_spectra_for_electron_impact_on_laser-excited_Na_atoms/links/59f87235458515547c2691a6/Experimental-and-theoretical-Auger-and-autoionization-spectra-for-electron-impact-on-laser-excited-Na-atoms.pdf
1997;Journal of Physics B: Atomic, Molecular and Optical Physics 30 (9), 2261;Excitation of the Ca atom from the metastable states by electron impact;
1997;Laser Physics 7 (3), 766-772;The contribution of autoionizing states to the cross section of two-photon ionization of magnesium atoms;
1996;Computer physics communications 98 (1-2), 235-254;A general program for computing matrix elements in atomic structure with nonorthogonal orbitals;
1995;;Electron impact excitation of laser excited Na atoms: the 2 p {sup 5}(3 s 3 p {sup 1, 3} p) autoionization states;
1995;;Role of the autoionizing states in the electron-impact excitation of the Cd {sup+} ion resonance lines;
1995;Journal of electron spectroscopy and related phenomena 76, 245-251;Electron impact excitation and ionization of laser-excited Na atoms;
1995;Journal of Physics B: Atomic, Molecular and Optical Physics 28 (22), 4759;Energies and widths of the 2s2p6nl Auger states in Na+;
1994;Journal of Physics B: Atomic, Molecular and Optical Physics 27 (16), L529;Angular anisotropy of autoionization electrons from sodium atoms simultaneously excited by laser and electron beams;
1993;Journal of Physics B: Atomic, Molecular and Optical Physics 26 (21), 3765;Energy levels and lifetimes for the 2p53snl core-excited states in Na;
1991;Physical Review A 44 (11), 7343;Resonance structure in the electron-impact excitation of Ca+ below the 5s threshold;https://www.researchgate.net/profile/Oleg-Zatsarinny/publication/13383008_Resonance_structure_in_the_electron-impact_excitation_of_Ca_below_the_5_s_threshold/links/5cf40d424585153c3daec231/Resonance-structure-in-the-electron-impact-excitation-of-Ca-below-the-5-s-threshold.pdf
1989;XIX International Conference on Phenomena in Ionized Gases, Belgrade 10th …;CROSS-SECTION CALCULATIONS OF EXCITATION OF Ca*, Sr*, Ba* IONS BY ELECTRON IMPACT;
1985;Electronic and atomic collisions;Resonances in the interaction of electrons with sodium atoms;
1984;Journal of Physics B: Atomic and Molecular Physics 17 (14), L465;Energies of the 4snp 1, 3P0 autoionising states of the magnesium atom;
;;顯 Computer Physics eee Communications;https://www.researchgate.net/profile/Oleg-Zatsarinny/publication/223671919_A_general_program_for_computing_matrix_elements_in_atomic_structure_with_nonorthogonal_orbitals/links/5cf40eee4585153c3daec2c7/A-general-program-for-computing-matrix-elements-in-atomic-structure-with-nonorthogonal-orbitals.pdf
;;B-spline R-matrix with pseudo-states calculations for electron-impact ionization plus excitation of magnesium;https://atom.curtin.edu.au/e2epol/abstracts/Zatsarinny_O.pdf
;;Benchmark calculations of double ionization of Ne in Graphics Processing Units;https://www.researchgate.net/profile/Marcelo-Ciappina/publication/319194817_Benchmark_calculations_of_double_ionization_of_Ne_in_Graphics_Processing_Units/links/599e99a745851574f4b83ae1/Benchmark-calculations-of-double-ionization-of-Ne-in-Graphics-Processing-Units.pdf
;DPG AMOP-Frühjahrstagung;Rekonstruktion von Elektronen Energie Verteilungsfunktionen aus emissionsspektroskopischen Daten;
;28th International Workshop on Bayesian Inference and Maximum Entropy …;Influence of uncertain atomic data on the reconstruction of EEDFs from optical emission spectroscopy;
;;IMPACT EXCITATION OF Zn" AND Cd;
;;BENCHMARK CALCULATIONS FOR ELECTRON COLLISIONS WITH COMPLEX ATOMS AND IONS;https://www.vamdc.org/wp-content/uploads/2014/10/VAMDC-USA-2014-Abstracts.pdf
;;Fe I electron excitation data for modelling of cool star spectra;https://www.ispc-conference.org/ispcproc/ispc22/P-I-2-28.pdf
;;Electron impact excitation of laser excited Na atoms: the 2 p 5 (3 s 3 p 1, 3 p) autoionization states;
;;Recent Progress in Calculations of Ionization and Ionization-Excitation;
